[
	{
		"title": "Start",
		"tags": "",
		"body": "Empty Text",
		"position": {
			"x": -153,
			"y": -86
		},
		"colorID": 0
	},
	{
		"title": "test",
		"tags": "",
		"body": "yo wassup, bro\nim so freakin test, bro\ni am test, bro\nTEST BROS!!!!!",
		"position": {
			"x": 523,
			"y": 178
		},
		"colorID": 0
	},
	{
		"title": "Slinky-Bug 1",
		"tags": "",
		"body": "hey! are you okay?\n(go: yeah| Slinky-Bug 1a)\n(go: no?| Slinky-Bug 1b)",
		"position": {
			"x": 737,
			"y": 202
		},
		"colorID": 0
	}
]